email_text,tone
please let me know if further clarification is required.,formal
kindly be informed that the meeting has been rescheduled to tomorrow.,formal
please let me know if further clarification is required.,formal
please let me know if further clarification is required.,formal
i hope this message finds you well. please review the attached document at your convenience.,formal
please let me know if further clarification is required.,formal
please let me know if further clarification is required.,formal
please let me know if further clarification is required.,formal
please let me know if further clarification is required.,formal
please let me know if further clarification is required.,formal
please let me know if further clarification is required.,formal
please let me know if further clarification is required.,formal
kindly be informed that the meeting has been rescheduled to tomorrow.,formal
kindly be informed that the meeting has been rescheduled to tomorrow.,formal
i hope this message finds you well. please review the attached document at your convenience.,formal
kindly be informed that the meeting has been rescheduled to tomorrow.,formal
i hope this message finds you well. please review the attached document at your convenience.,formal
kindly be informed that the meeting has been rescheduled to tomorrow.,formal
kindly be informed that the meeting has been rescheduled to tomorrow.,formal
please let me know if further clarification is required.,formal
i hope this message finds you well. please review the attached document at your convenience.,formal
kindly be informed that the meeting has been rescheduled to tomorrow.,formal
i hope this message finds you well. please review the attached document at your convenience.,formal
i hope this message finds you well. please review the attached document at your convenience.,formal
please let me know if further clarification is required.,formal
kindly be informed that the meeting has been rescheduled to tomorrow.,formal
i hope this message finds you well. please review the attached document at your convenience.,formal
kindly be informed that the meeting has been rescheduled to tomorrow.,formal
i hope this message finds you well. please review the attached document at your convenience.,formal
i hope this message finds you well. please review the attached document at your convenience.,formal
kindly be informed that the meeting has been rescheduled to tomorrow.,formal
kindly be informed that the meeting has been rescheduled to tomorrow.,formal
i hope this message finds you well. please review the attached document at your convenience.,formal
kindly be informed that the meeting has been rescheduled to tomorrow.,formal
please let me know if further clarification is required.,formal
kindly be informed that the meeting has been rescheduled to tomorrow.,formal
kindly be informed that the meeting has been rescheduled to tomorrow.,formal
kindly be informed that the meeting has been rescheduled to tomorrow.,formal
kindly be informed that the meeting has been rescheduled to tomorrow.,formal
please let me know if further clarification is required.,formal
please let me know if further clarification is required.,formal
kindly be informed that the meeting has been rescheduled to tomorrow.,formal
please let me know if further clarification is required.,formal
please let me know if further clarification is required.,formal
i hope this message finds you well. please review the attached document at your convenience.,formal
i hope this message finds you well. please review the attached document at your convenience.,formal
i hope this message finds you well. please review the attached document at your convenience.,formal
kindly be informed that the meeting has been rescheduled to tomorrow.,formal
please let me know if further clarification is required.,formal
i hope this message finds you well. please review the attached document at your convenience.,formal
kindly be informed that the meeting has been rescheduled to tomorrow.,formal
kindly be informed that the meeting has been rescheduled to tomorrow.,formal
kindly be informed that the meeting has been rescheduled to tomorrow.,formal
kindly be informed that the meeting has been rescheduled to tomorrow.,formal
i hope this message finds you well. please review the attached document at your convenience.,formal
please let me know if further clarification is required.,formal
please let me know if further clarification is required.,formal
i hope this message finds you well. please review the attached document at your convenience.,formal
i hope this message finds you well. please review the attached document at your convenience.,formal
i hope this message finds you well. please review the attached document at your convenience.,formal
please let me know if further clarification is required.,formal
please let me know if further clarification is required.,formal
please let me know if further clarification is required.,formal
please let me know if further clarification is required.,formal
please let me know if further clarification is required.,formal
please let me know if further clarification is required.,formal
i hope this message finds you well. please review the attached document at your convenience.,formal
i hope this message finds you well. please review the attached document at your convenience.,formal
i hope this message finds you well. please review the attached document at your convenience.,formal
please let me know if further clarification is required.,formal
please let me know if further clarification is required.,formal
kindly be informed that the meeting has been rescheduled to tomorrow.,formal
kindly be informed that the meeting has been rescheduled to tomorrow.,formal
kindly be informed that the meeting has been rescheduled to tomorrow.,formal
please let me know if further clarification is required.,formal
kindly be informed that the meeting has been rescheduled to tomorrow.,formal
i hope this message finds you well. please review the attached document at your convenience.,formal
kindly be informed that the meeting has been rescheduled to tomorrow.,formal
i hope this message finds you well. please review the attached document at your convenience.,formal
kindly be informed that the meeting has been rescheduled to tomorrow.,formal
i hope this message finds you well. please review the attached document at your convenience.,formal
kindly be informed that the meeting has been rescheduled to tomorrow.,formal
kindly be informed that the meeting has been rescheduled to tomorrow.,formal
i hope this message finds you well. please review the attached document at your convenience.,formal
kindly be informed that the meeting has been rescheduled to tomorrow.,formal
please let me know if further clarification is required.,formal
i hope this message finds you well. please review the attached document at your convenience.,formal
kindly be informed that the meeting has been rescheduled to tomorrow.,formal
kindly be informed that the meeting has been rescheduled to tomorrow.,formal
kindly be informed that the meeting has been rescheduled to tomorrow.,formal
i hope this message finds you well. please review the attached document at your convenience.,formal
please let me know if further clarification is required.,formal
please let me know if further clarification is required.,formal
kindly be informed that the meeting has been rescheduled to tomorrow.,formal
i hope this message finds you well. please review the attached document at your convenience.,formal
i hope this message finds you well. please review the attached document at your convenience.,formal
please let me know if further clarification is required.,formal
kindly be informed that the meeting has been rescheduled to tomorrow.,formal
please let me know if further clarification is required.,formal
i hope this message finds you well. please review the attached document at your convenience.,formal
can you send me the file real quick?,informal
"hey, just wanted to check in about the plan.",informal
can you send me the file real quick?,informal
"hey, just wanted to check in about the plan.",informal
"hey, just wanted to check in about the plan.",informal
let me know what's up.,informal
let me know what's up.,informal
let me know what's up.,informal
can you send me the file real quick?,informal
can you send me the file real quick?,informal
can you send me the file real quick?,informal
let me know what's up.,informal
let me know what's up.,informal
let me know what's up.,informal
"hey, just wanted to check in about the plan.",informal
"hey, just wanted to check in about the plan.",informal
"hey, just wanted to check in about the plan.",informal
"hey, just wanted to check in about the plan.",informal
"hey, just wanted to check in about the plan.",informal
"hey, just wanted to check in about the plan.",informal
can you send me the file real quick?,informal
"hey, just wanted to check in about the plan.",informal
"hey, just wanted to check in about the plan.",informal
let me know what's up.,informal
can you send me the file real quick?,informal
can you send me the file real quick?,informal
"hey, just wanted to check in about the plan.",informal
"hey, just wanted to check in about the plan.",informal
can you send me the file real quick?,informal
"hey, just wanted to check in about the plan.",informal
"hey, just wanted to check in about the plan.",informal
can you send me the file real quick?,informal
let me know what's up.,informal
can you send me the file real quick?,informal
let me know what's up.,informal
can you send me the file real quick?,informal
let me know what's up.,informal
let me know what's up.,informal
"hey, just wanted to check in about the plan.",informal
"hey, just wanted to check in about the plan.",informal
let me know what's up.,informal
"hey, just wanted to check in about the plan.",informal
"hey, just wanted to check in about the plan.",informal
let me know what's up.,informal
"hey, just wanted to check in about the plan.",informal
"hey, just wanted to check in about the plan.",informal
can you send me the file real quick?,informal
can you send me the file real quick?,informal
"hey, just wanted to check in about the plan.",informal
can you send me the file real quick?,informal
can you send me the file real quick?,informal
"hey, just wanted to check in about the plan.",informal
let me know what's up.,informal
let me know what's up.,informal
"hey, just wanted to check in about the plan.",informal
let me know what's up.,informal
can you send me the file real quick?,informal
let me know what's up.,informal
can you send me the file real quick?,informal
"hey, just wanted to check in about the plan.",informal
can you send me the file real quick?,informal
can you send me the file real quick?,informal
can you send me the file real quick?,informal
"hey, just wanted to check in about the plan.",informal
let me know what's up.,informal
can you send me the file real quick?,informal
let me know what's up.,informal
"hey, just wanted to check in about the plan.",informal
"hey, just wanted to check in about the plan.",informal
let me know what's up.,informal
"hey, just wanted to check in about the plan.",informal
can you send me the file real quick?,informal
let me know what's up.,informal
"hey, just wanted to check in about the plan.",informal
can you send me the file real quick?,informal
let me know what's up.,informal
let me know what's up.,informal
"hey, just wanted to check in about the plan.",informal
can you send me the file real quick?,informal
"hey, just wanted to check in about the plan.",informal
can you send me the file real quick?,informal
let me know what's up.,informal
"hey, just wanted to check in about the plan.",informal
can you send me the file real quick?,informal
can you send me the file real quick?,informal
let me know what's up.,informal
"hey, just wanted to check in about the plan.",informal
let me know what's up.,informal
can you send me the file real quick?,informal
"hey, just wanted to check in about the plan.",informal
let me know what's up.,informal
"hey, just wanted to check in about the plan.",informal
can you send me the file real quick?,informal
"hey, just wanted to check in about the plan.",informal
can you send me the file real quick?,informal
"hey, just wanted to check in about the plan.",informal
"hey, just wanted to check in about the plan.",informal
let me know what's up.,informal
can you send me the file real quick?,informal
can you send me the file real quick?,informal
thank you for your patience and support.,polite
i would really appreciate your assistance with this.,polite
i would really appreciate your assistance with this.,polite
thank you for your patience and support.,polite
i would really appreciate your assistance with this.,polite
could you please share the update when you get time?,polite
thank you for your patience and support.,polite
thank you for your patience and support.,polite
i would really appreciate your assistance with this.,polite
could you please share the update when you get time?,polite
could you please share the update when you get time?,polite
could you please share the update when you get time?,polite
i would really appreciate your assistance with this.,polite
could you please share the update when you get time?,polite
i would really appreciate your assistance with this.,polite
thank you for your patience and support.,polite
thank you for your patience and support.,polite
i would really appreciate your assistance with this.,polite
i would really appreciate your assistance with this.,polite
thank you for your patience and support.,polite
could you please share the update when you get time?,polite
thank you for your patience and support.,polite
i would really appreciate your assistance with this.,polite
thank you for your patience and support.,polite
thank you for your patience and support.,polite
i would really appreciate your assistance with this.,polite
i would really appreciate your assistance with this.,polite
i would really appreciate your assistance with this.,polite
could you please share the update when you get time?,polite
i would really appreciate your assistance with this.,polite
i would really appreciate your assistance with this.,polite
i would really appreciate your assistance with this.,polite
could you please share the update when you get time?,polite
thank you for your patience and support.,polite
could you please share the update when you get time?,polite
thank you for your patience and support.,polite
thank you for your patience and support.,polite
could you please share the update when you get time?,polite
could you please share the update when you get time?,polite
could you please share the update when you get time?,polite
could you please share the update when you get time?,polite
could you please share the update when you get time?,polite
could you please share the update when you get time?,polite
could you please share the update when you get time?,polite
i would really appreciate your assistance with this.,polite
thank you for your patience and support.,polite
i would really appreciate your assistance with this.,polite
thank you for your patience and support.,polite
i would really appreciate your assistance with this.,polite
could you please share the update when you get time?,polite
thank you for your patience and support.,polite
could you please share the update when you get time?,polite
could you please share the update when you get time?,polite
could you please share the update when you get time?,polite
i would really appreciate your assistance with this.,polite
thank you for your patience and support.,polite
i would really appreciate your assistance with this.,polite
i would really appreciate your assistance with this.,polite
i would really appreciate your assistance with this.,polite
i would really appreciate your assistance with this.,polite
i would really appreciate your assistance with this.,polite
thank you for your patience and support.,polite
i would really appreciate your assistance with this.,polite
i would really appreciate your assistance with this.,polite
thank you for your patience and support.,polite
could you please share the update when you get time?,polite
could you please share the update when you get time?,polite
i would really appreciate your assistance with this.,polite
i would really appreciate your assistance with this.,polite
thank you for your patience and support.,polite
thank you for your patience and support.,polite
thank you for your patience and support.,polite
could you please share the update when you get time?,polite
could you please share the update when you get time?,polite
could you please share the update when you get time?,polite
could you please share the update when you get time?,polite
could you please share the update when you get time?,polite
i would really appreciate your assistance with this.,polite
thank you for your patience and support.,polite
could you please share the update when you get time?,polite
i would really appreciate your assistance with this.,polite
i would really appreciate your assistance with this.,polite
thank you for your patience and support.,polite
thank you for your patience and support.,polite
could you please share the update when you get time?,polite
i would really appreciate your assistance with this.,polite
could you please share the update when you get time?,polite
thank you for your patience and support.,polite
i would really appreciate your assistance with this.,polite
thank you for your patience and support.,polite
i would really appreciate your assistance with this.,polite
thank you for your patience and support.,polite
i would really appreciate your assistance with this.,polite
thank you for your patience and support.,polite
could you please share the update when you get time?,polite
could you please share the update when you get time?,polite
thank you for your patience and support.,polite
thank you for your patience and support.,polite
could you please share the update when you get time?,polite
i would really appreciate your assistance with this.,polite
you clearly didn't read the instructions.,rude
why haven't you done this yet?,rude
this is unacceptable. fix it immediately.,rude
this is unacceptable. fix it immediately.,rude
you clearly didn't read the instructions.,rude
you clearly didn't read the instructions.,rude
you clearly didn't read the instructions.,rude
why haven't you done this yet?,rude
this is unacceptable. fix it immediately.,rude
this is unacceptable. fix it immediately.,rude
this is unacceptable. fix it immediately.,rude
you clearly didn't read the instructions.,rude
you clearly didn't read the instructions.,rude
this is unacceptable. fix it immediately.,rude
you clearly didn't read the instructions.,rude
you clearly didn't read the instructions.,rude
this is unacceptable. fix it immediately.,rude
you clearly didn't read the instructions.,rude
why haven't you done this yet?,rude
why haven't you done this yet?,rude
why haven't you done this yet?,rude
you clearly didn't read the instructions.,rude
you clearly didn't read the instructions.,rude
why haven't you done this yet?,rude
why haven't you done this yet?,rude
this is unacceptable. fix it immediately.,rude
you clearly didn't read the instructions.,rude
this is unacceptable. fix it immediately.,rude
this is unacceptable. fix it immediately.,rude
why haven't you done this yet?,rude
this is unacceptable. fix it immediately.,rude
why haven't you done this yet?,rude
why haven't you done this yet?,rude
you clearly didn't read the instructions.,rude
why haven't you done this yet?,rude
why haven't you done this yet?,rude
you clearly didn't read the instructions.,rude
you clearly didn't read the instructions.,rude
why haven't you done this yet?,rude
this is unacceptable. fix it immediately.,rude
why haven't you done this yet?,rude
why haven't you done this yet?,rude
why haven't you done this yet?,rude
why haven't you done this yet?,rude
why haven't you done this yet?,rude
this is unacceptable. fix it immediately.,rude
you clearly didn't read the instructions.,rude
you clearly didn't read the instructions.,rude
this is unacceptable. fix it immediately.,rude
this is unacceptable. fix it immediately.,rude
this is unacceptable. fix it immediately.,rude
you clearly didn't read the instructions.,rude
why haven't you done this yet?,rude
why haven't you done this yet?,rude
why haven't you done this yet?,rude
this is unacceptable. fix it immediately.,rude
you clearly didn't read the instructions.,rude
this is unacceptable. fix it immediately.,rude
why haven't you done this yet?,rude
you clearly didn't read the instructions.,rude
this is unacceptable. fix it immediately.,rude
you clearly didn't read the instructions.,rude
you clearly didn't read the instructions.,rude
you clearly didn't read the instructions.,rude
why haven't you done this yet?,rude
why haven't you done this yet?,rude
why haven't you done this yet?,rude
you clearly didn't read the instructions.,rude
this is unacceptable. fix it immediately.,rude
this is unacceptable. fix it immediately.,rude
this is unacceptable. fix it immediately.,rude
you clearly didn't read the instructions.,rude
why haven't you done this yet?,rude
this is unacceptable. fix it immediately.,rude
this is unacceptable. fix it immediately.,rude
you clearly didn't read the instructions.,rude
this is unacceptable. fix it immediately.,rude
why haven't you done this yet?,rude
you clearly didn't read the instructions.,rude
why haven't you done this yet?,rude
this is unacceptable. fix it immediately.,rude
why haven't you done this yet?,rude
you clearly didn't read the instructions.,rude
this is unacceptable. fix it immediately.,rude
this is unacceptable. fix it immediately.,rude
why haven't you done this yet?,rude
you clearly didn't read the instructions.,rude
you clearly didn't read the instructions.,rude
why haven't you done this yet?,rude
this is unacceptable. fix it immediately.,rude
why haven't you done this yet?,rude
you clearly didn't read the instructions.,rude
this is unacceptable. fix it immediately.,rude
this is unacceptable. fix it immediately.,rude
you clearly didn't read the instructions.,rude
this is unacceptable. fix it immediately.,rude
you clearly didn't read the instructions.,rude
why haven't you done this yet?,rude
why haven't you done this yet?,rude
this is unacceptable. fix it immediately.,rude
i'm really happy with how things turned out.,positive
great job on the project! keep it up.,positive
your contribution has been outstanding.,positive
great job on the project! keep it up.,positive
your contribution has been outstanding.,positive
your contribution has been outstanding.,positive
i'm really happy with how things turned out.,positive
i'm really happy with how things turned out.,positive
great job on the project! keep it up.,positive
i'm really happy with how things turned out.,positive
great job on the project! keep it up.,positive
i'm really happy with how things turned out.,positive
i'm really happy with how things turned out.,positive
great job on the project! keep it up.,positive
your contribution has been outstanding.,positive
i'm really happy with how things turned out.,positive
your contribution has been outstanding.,positive
great job on the project! keep it up.,positive
i'm really happy with how things turned out.,positive
i'm really happy with how things turned out.,positive
your contribution has been outstanding.,positive
great job on the project! keep it up.,positive
your contribution has been outstanding.,positive
your contribution has been outstanding.,positive
your contribution has been outstanding.,positive
i'm really happy with how things turned out.,positive
your contribution has been outstanding.,positive
your contribution has been outstanding.,positive
great job on the project! keep it up.,positive
your contribution has been outstanding.,positive
i'm really happy with how things turned out.,positive
your contribution has been outstanding.,positive
great job on the project! keep it up.,positive
great job on the project! keep it up.,positive
great job on the project! keep it up.,positive
i'm really happy with how things turned out.,positive
great job on the project! keep it up.,positive
your contribution has been outstanding.,positive
your contribution has been outstanding.,positive
i'm really happy with how things turned out.,positive
great job on the project! keep it up.,positive
i'm really happy with how things turned out.,positive
i'm really happy with how things turned out.,positive
great job on the project! keep it up.,positive
your contribution has been outstanding.,positive
great job on the project! keep it up.,positive
i'm really happy with how things turned out.,positive
i'm really happy with how things turned out.,positive
great job on the project! keep it up.,positive
i'm really happy with how things turned out.,positive
your contribution has been outstanding.,positive
i'm really happy with how things turned out.,positive
great job on the project! keep it up.,positive
your contribution has been outstanding.,positive
your contribution has been outstanding.,positive
your contribution has been outstanding.,positive
great job on the project! keep it up.,positive
your contribution has been outstanding.,positive
i'm really happy with how things turned out.,positive
your contribution has been outstanding.,positive
i'm really happy with how things turned out.,positive
great job on the project! keep it up.,positive
i'm really happy with how things turned out.,positive
your contribution has been outstanding.,positive
your contribution has been outstanding.,positive
your contribution has been outstanding.,positive
your contribution has been outstanding.,positive
great job on the project! keep it up.,positive
your contribution has been outstanding.,positive
i'm really happy with how things turned out.,positive
your contribution has been outstanding.,positive
your contribution has been outstanding.,positive
your contribution has been outstanding.,positive
great job on the project! keep it up.,positive
great job on the project! keep it up.,positive
your contribution has been outstanding.,positive
great job on the project! keep it up.,positive
great job on the project! keep it up.,positive
i'm really happy with how things turned out.,positive
great job on the project! keep it up.,positive
i'm really happy with how things turned out.,positive
your contribution has been outstanding.,positive
i'm really happy with how things turned out.,positive
great job on the project! keep it up.,positive
i'm really happy with how things turned out.,positive
great job on the project! keep it up.,positive
your contribution has been outstanding.,positive
your contribution has been outstanding.,positive
your contribution has been outstanding.,positive
great job on the project! keep it up.,positive
i'm really happy with how things turned out.,positive
i'm really happy with how things turned out.,positive
your contribution has been outstanding.,positive
great job on the project! keep it up.,positive
i'm really happy with how things turned out.,positive
great job on the project! keep it up.,positive
i'm really happy with how things turned out.,positive
great job on the project! keep it up.,positive
great job on the project! keep it up.,positive
your contribution has been outstanding.,positive
i'm disappointed with the results.,negative
we are not satisfied with the current progress.,negative
i'm disappointed with the results.,negative
we are not satisfied with the current progress.,negative
this didn't meet expectations.,negative
this didn't meet expectations.,negative
i'm disappointed with the results.,negative
i'm disappointed with the results.,negative
this didn't meet expectations.,negative
we are not satisfied with the current progress.,negative
this didn't meet expectations.,negative
we are not satisfied with the current progress.,negative
i'm disappointed with the results.,negative
we are not satisfied with the current progress.,negative
we are not satisfied with the current progress.,negative
this didn't meet expectations.,negative
this didn't meet expectations.,negative
i'm disappointed with the results.,negative
i'm disappointed with the results.,negative
i'm disappointed with the results.,negative
i'm disappointed with the results.,negative
we are not satisfied with the current progress.,negative
we are not satisfied with the current progress.,negative
we are not satisfied with the current progress.,negative
this didn't meet expectations.,negative
i'm disappointed with the results.,negative
i'm disappointed with the results.,negative
we are not satisfied with the current progress.,negative
this didn't meet expectations.,negative
we are not satisfied with the current progress.,negative
i'm disappointed with the results.,negative
i'm disappointed with the results.,negative
this didn't meet expectations.,negative
i'm disappointed with the results.,negative
we are not satisfied with the current progress.,negative
we are not satisfied with the current progress.,negative
we are not satisfied with the current progress.,negative
i'm disappointed with the results.,negative
i'm disappointed with the results.,negative
this didn't meet expectations.,negative
we are not satisfied with the current progress.,negative
we are not satisfied with the current progress.,negative
we are not satisfied with the current progress.,negative
i'm disappointed with the results.,negative
this didn't meet expectations.,negative
i'm disappointed with the results.,negative
we are not satisfied with the current progress.,negative
we are not satisfied with the current progress.,negative
i'm disappointed with the results.,negative
this didn't meet expectations.,negative
we are not satisfied with the current progress.,negative
this didn't meet expectations.,negative
this didn't meet expectations.,negative
this didn't meet expectations.,negative
this didn't meet expectations.,negative
i'm disappointed with the results.,negative
this didn't meet expectations.,negative
this didn't meet expectations.,negative
we are not satisfied with the current progress.,negative
this didn't meet expectations.,negative
this didn't meet expectations.,negative
i'm disappointed with the results.,negative
i'm disappointed with the results.,negative
i'm disappointed with the results.,negative
this didn't meet expectations.,negative
this didn't meet expectations.,negative
this didn't meet expectations.,negative
this didn't meet expectations.,negative
this didn't meet expectations.,negative
i'm disappointed with the results.,negative
this didn't meet expectations.,negative
this didn't meet expectations.,negative
this didn't meet expectations.,negative
i'm disappointed with the results.,negative
we are not satisfied with the current progress.,negative
we are not satisfied with the current progress.,negative
we are not satisfied with the current progress.,negative
we are not satisfied with the current progress.,negative
we are not satisfied with the current progress.,negative
i'm disappointed with the results.,negative
we are not satisfied with the current progress.,negative
we are not satisfied with the current progress.,negative
this didn't meet expectations.,negative
we are not satisfied with the current progress.,negative
we are not satisfied with the current progress.,negative
i'm disappointed with the results.,negative
i'm disappointed with the results.,negative
we are not satisfied with the current progress.,negative
we are not satisfied with the current progress.,negative
this didn't meet expectations.,negative
we are not satisfied with the current progress.,negative
this didn't meet expectations.,negative
we are not satisfied with the current progress.,negative
i'm disappointed with the results.,negative
this didn't meet expectations.,negative
we are not satisfied with the current progress.,negative
this didn't meet expectations.,negative
we are not satisfied with the current progress.,negative
we are not satisfied with the current progress.,negative
this didn't meet expectations.,negative
the file has been uploaded to the shared folder.,neutral
the meeting is scheduled for 3 pm.,neutral
the meeting is scheduled for 3 pm.,neutral
your request has been processed.,neutral
your request has been processed.,neutral
the file has been uploaded to the shared folder.,neutral
your request has been processed.,neutral
the file has been uploaded to the shared folder.,neutral
your request has been processed.,neutral
your request has been processed.,neutral
your request has been processed.,neutral
the meeting is scheduled for 3 pm.,neutral
the file has been uploaded to the shared folder.,neutral
your request has been processed.,neutral
your request has been processed.,neutral
your request has been processed.,neutral
the meeting is scheduled for 3 pm.,neutral
the meeting is scheduled for 3 pm.,neutral
the file has been uploaded to the shared folder.,neutral
the meeting is scheduled for 3 pm.,neutral
your request has been processed.,neutral
your request has been processed.,neutral
the meeting is scheduled for 3 pm.,neutral
the file has been uploaded to the shared folder.,neutral
the file has been uploaded to the shared folder.,neutral
your request has been processed.,neutral
your request has been processed.,neutral
the file has been uploaded to the shared folder.,neutral
your request has been processed.,neutral
your request has been processed.,neutral
the file has been uploaded to the shared folder.,neutral
your request has been processed.,neutral
your request has been processed.,neutral
your request has been processed.,neutral
the meeting is scheduled for 3 pm.,neutral
the meeting is scheduled for 3 pm.,neutral
the meeting is scheduled for 3 pm.,neutral
the file has been uploaded to the shared folder.,neutral
the file has been uploaded to the shared folder.,neutral
the file has been uploaded to the shared folder.,neutral
your request has been processed.,neutral
your request has been processed.,neutral
your request has been processed.,neutral
your request has been processed.,neutral
your request has been processed.,neutral
the meeting is scheduled for 3 pm.,neutral
your request has been processed.,neutral
your request has been processed.,neutral
the file has been uploaded to the shared folder.,neutral
the file has been uploaded to the shared folder.,neutral
the meeting is scheduled for 3 pm.,neutral
the meeting is scheduled for 3 pm.,neutral
the file has been uploaded to the shared folder.,neutral
the file has been uploaded to the shared folder.,neutral
your request has been processed.,neutral
your request has been processed.,neutral
the meeting is scheduled for 3 pm.,neutral
the meeting is scheduled for 3 pm.,neutral
the meeting is scheduled for 3 pm.,neutral
your request has been processed.,neutral
your request has been processed.,neutral
your request has been processed.,neutral
your request has been processed.,neutral
the meeting is scheduled for 3 pm.,neutral
the file has been uploaded to the shared folder.,neutral
your request has been processed.,neutral
your request has been processed.,neutral
the file has been uploaded to the shared folder.,neutral
the meeting is scheduled for 3 pm.,neutral
the file has been uploaded to the shared folder.,neutral
the file has been uploaded to the shared folder.,neutral
the file has been uploaded to the shared folder.,neutral
the file has been uploaded to the shared folder.,neutral
the file has been uploaded to the shared folder.,neutral
the file has been uploaded to the shared folder.,neutral
the meeting is scheduled for 3 pm.,neutral
the meeting is scheduled for 3 pm.,neutral
the file has been uploaded to the shared folder.,neutral
your request has been processed.,neutral
your request has been processed.,neutral
the meeting is scheduled for 3 pm.,neutral
the file has been uploaded to the shared folder.,neutral
your request has been processed.,neutral
your request has been processed.,neutral
the meeting is scheduled for 3 pm.,neutral
the meeting is scheduled for 3 pm.,neutral
your request has been processed.,neutral
the file has been uploaded to the shared folder.,neutral
the meeting is scheduled for 3 pm.,neutral
the meeting is scheduled for 3 pm.,neutral
the file has been uploaded to the shared folder.,neutral
your request has been processed.,neutral
the file has been uploaded to the shared folder.,neutral
the meeting is scheduled for 3 pm.,neutral
the file has been uploaded to the shared folder.,neutral
the file has been uploaded to the shared folder.,neutral
the file has been uploaded to the shared folder.,neutral
your request has been processed.,neutral
the file has been uploaded to the shared folder.,neutral
the file has been uploaded to the shared folder.,neutral
kindly take urgent action on this matter.,urgent
"please respond immediately, this cannot wait.",urgent
kindly take urgent action on this matter.,urgent
"please respond immediately, this cannot wait.",urgent
"please respond immediately, this cannot wait.",urgent
"please respond immediately, this cannot wait.",urgent
this needs to be completed as soon as possible.,urgent
kindly take urgent action on this matter.,urgent
kindly take urgent action on this matter.,urgent
kindly take urgent action on this matter.,urgent
"please respond immediately, this cannot wait.",urgent
this needs to be completed as soon as possible.,urgent
"please respond immediately, this cannot wait.",urgent
"please respond immediately, this cannot wait.",urgent
kindly take urgent action on this matter.,urgent
kindly take urgent action on this matter.,urgent
this needs to be completed as soon as possible.,urgent
this needs to be completed as soon as possible.,urgent
kindly take urgent action on this matter.,urgent
"please respond immediately, this cannot wait.",urgent
this needs to be completed as soon as possible.,urgent
kindly take urgent action on this matter.,urgent
"please respond immediately, this cannot wait.",urgent
this needs to be completed as soon as possible.,urgent
kindly take urgent action on this matter.,urgent
this needs to be completed as soon as possible.,urgent
kindly take urgent action on this matter.,urgent
"please respond immediately, this cannot wait.",urgent
this needs to be completed as soon as possible.,urgent
"please respond immediately, this cannot wait.",urgent
this needs to be completed as soon as possible.,urgent
"please respond immediately, this cannot wait.",urgent
"please respond immediately, this cannot wait.",urgent
"please respond immediately, this cannot wait.",urgent
this needs to be completed as soon as possible.,urgent
"please respond immediately, this cannot wait.",urgent
kindly take urgent action on this matter.,urgent
kindly take urgent action on this matter.,urgent
"please respond immediately, this cannot wait.",urgent
kindly take urgent action on this matter.,urgent
this needs to be completed as soon as possible.,urgent
kindly take urgent action on this matter.,urgent
this needs to be completed as soon as possible.,urgent
kindly take urgent action on this matter.,urgent
this needs to be completed as soon as possible.,urgent
this needs to be completed as soon as possible.,urgent
kindly take urgent action on this matter.,urgent
kindly take urgent action on this matter.,urgent
"please respond immediately, this cannot wait.",urgent
"please respond immediately, this cannot wait.",urgent
"please respond immediately, this cannot wait.",urgent
this needs to be completed as soon as possible.,urgent
this needs to be completed as soon as possible.,urgent
this needs to be completed as soon as possible.,urgent
kindly take urgent action on this matter.,urgent
this needs to be completed as soon as possible.,urgent
"please respond immediately, this cannot wait.",urgent
"please respond immediately, this cannot wait.",urgent
kindly take urgent action on this matter.,urgent
kindly take urgent action on this matter.,urgent
this needs to be completed as soon as possible.,urgent
"please respond immediately, this cannot wait.",urgent
"please respond immediately, this cannot wait.",urgent
"please respond immediately, this cannot wait.",urgent
this needs to be completed as soon as possible.,urgent
"please respond immediately, this cannot wait.",urgent
kindly take urgent action on this matter.,urgent
"please respond immediately, this cannot wait.",urgent
this needs to be completed as soon as possible.,urgent
"please respond immediately, this cannot wait.",urgent
"please respond immediately, this cannot wait.",urgent
this needs to be completed as soon as possible.,urgent
this needs to be completed as soon as possible.,urgent
this needs to be completed as soon as possible.,urgent
kindly take urgent action on this matter.,urgent
this needs to be completed as soon as possible.,urgent
"please respond immediately, this cannot wait.",urgent
kindly take urgent action on this matter.,urgent
"please respond immediately, this cannot wait.",urgent
this needs to be completed as soon as possible.,urgent
kindly take urgent action on this matter.,urgent
this needs to be completed as soon as possible.,urgent
this needs to be completed as soon as possible.,urgent
this needs to be completed as soon as possible.,urgent
this needs to be completed as soon as possible.,urgent
kindly take urgent action on this matter.,urgent
"please respond immediately, this cannot wait.",urgent
"please respond immediately, this cannot wait.",urgent
this needs to be completed as soon as possible.,urgent
"please respond immediately, this cannot wait.",urgent
"please respond immediately, this cannot wait.",urgent
"please respond immediately, this cannot wait.",urgent
kindly take urgent action on this matter.,urgent
this needs to be completed as soon as possible.,urgent
kindly take urgent action on this matter.,urgent
kindly take urgent action on this matter.,urgent
kindly take urgent action on this matter.,urgent
kindly take urgent action on this matter.,urgent
"please respond immediately, this cannot wait.",urgent
kindly take urgent action on this matter.,urgent
thank you so much for your hard work!,appreciative
i'm grateful for your continuous help.,appreciative
your support means a lot to us.,appreciative
your support means a lot to us.,appreciative
i'm grateful for your continuous help.,appreciative
thank you so much for your hard work!,appreciative
thank you so much for your hard work!,appreciative
thank you so much for your hard work!,appreciative
your support means a lot to us.,appreciative
i'm grateful for your continuous help.,appreciative
your support means a lot to us.,appreciative
thank you so much for your hard work!,appreciative
thank you so much for your hard work!,appreciative
thank you so much for your hard work!,appreciative
your support means a lot to us.,appreciative
i'm grateful for your continuous help.,appreciative
i'm grateful for your continuous help.,appreciative
thank you so much for your hard work!,appreciative
thank you so much for your hard work!,appreciative
your support means a lot to us.,appreciative
i'm grateful for your continuous help.,appreciative
i'm grateful for your continuous help.,appreciative
thank you so much for your hard work!,appreciative
i'm grateful for your continuous help.,appreciative
thank you so much for your hard work!,appreciative
i'm grateful for your continuous help.,appreciative
thank you so much for your hard work!,appreciative
thank you so much for your hard work!,appreciative
thank you so much for your hard work!,appreciative
thank you so much for your hard work!,appreciative
your support means a lot to us.,appreciative
i'm grateful for your continuous help.,appreciative
thank you so much for your hard work!,appreciative
i'm grateful for your continuous help.,appreciative
your support means a lot to us.,appreciative
i'm grateful for your continuous help.,appreciative
thank you so much for your hard work!,appreciative
your support means a lot to us.,appreciative
thank you so much for your hard work!,appreciative
thank you so much for your hard work!,appreciative
i'm grateful for your continuous help.,appreciative
i'm grateful for your continuous help.,appreciative
i'm grateful for your continuous help.,appreciative
your support means a lot to us.,appreciative
i'm grateful for your continuous help.,appreciative
your support means a lot to us.,appreciative
i'm grateful for your continuous help.,appreciative
i'm grateful for your continuous help.,appreciative
your support means a lot to us.,appreciative
thank you so much for your hard work!,appreciative
your support means a lot to us.,appreciative
thank you so much for your hard work!,appreciative
thank you so much for your hard work!,appreciative
thank you so much for your hard work!,appreciative
your support means a lot to us.,appreciative
thank you so much for your hard work!,appreciative
i'm grateful for your continuous help.,appreciative
i'm grateful for your continuous help.,appreciative
i'm grateful for your continuous help.,appreciative
your support means a lot to us.,appreciative
i'm grateful for your continuous help.,appreciative
your support means a lot to us.,appreciative
thank you so much for your hard work!,appreciative
your support means a lot to us.,appreciative
thank you so much for your hard work!,appreciative
thank you so much for your hard work!,appreciative
i'm grateful for your continuous help.,appreciative
i'm grateful for your continuous help.,appreciative
i'm grateful for your continuous help.,appreciative
i'm grateful for your continuous help.,appreciative
thank you so much for your hard work!,appreciative
your support means a lot to us.,appreciative
your support means a lot to us.,appreciative
thank you so much for your hard work!,appreciative
i'm grateful for your continuous help.,appreciative
i'm grateful for your continuous help.,appreciative
i'm grateful for your continuous help.,appreciative
i'm grateful for your continuous help.,appreciative
thank you so much for your hard work!,appreciative
i'm grateful for your continuous help.,appreciative
i'm grateful for your continuous help.,appreciative
i'm grateful for your continuous help.,appreciative
i'm grateful for your continuous help.,appreciative
i'm grateful for your continuous help.,appreciative
i'm grateful for your continuous help.,appreciative
your support means a lot to us.,appreciative
i'm grateful for your continuous help.,appreciative
i'm grateful for your continuous help.,appreciative
thank you so much for your hard work!,appreciative
thank you so much for your hard work!,appreciative
your support means a lot to us.,appreciative
i'm grateful for your continuous help.,appreciative
i'm grateful for your continuous help.,appreciative
thank you so much for your hard work!,appreciative
your support means a lot to us.,appreciative
i'm grateful for your continuous help.,appreciative
your support means a lot to us.,appreciative
thank you so much for your hard work!,appreciative
thank you so much for your hard work!,appreciative
i'm grateful for your continuous help.,appreciative
